date,county,Age,Gender,Race,lng,lat
1984-01-02,Benzie,35-44,Male,White,-86.0626620989145,44.66986077143294
1984-01-02,Iosco,25-34,Female,White,-83.63952448072362,44.4043094344295
1984-01-02,Roscommon,25-34,Male,White,-84.63636878898237,44.3654420216772
1984-01-02,Calhoun,35-44,Female,Black,-85.0235126718581,42.2155483938958
1984-01-03,Barry,55+,Male,Black,-85.26079552021139,42.643990268715974
1984-01-03,Emmet,45-54,Male,Black,-84.91486914110536,45.47611081084956
1984-01-03,Gladwin,35-44,Male,Black,-84.34223249226744,44.01680727000829
1984-01-03,Iron,35-44,Male,Hispanic or Latino,-88.49484234719306,46.201156091796044
1984-01-04,Luce,0-25,Female,Black,-85.59021123295064,46.46788903294821
1984-01-04,Chippewa,55+,Male,Asian,-84.54190680610428,46.31725601717156
1984-01-04,Van Buren,25-34,Male,Black,-85.99037497943404,42.24792606963801
1984-01-05,Gratiot,35-44,Female,Black,-84.60266196298663,43.339964877511534
1984-01-06,Roscommon,55+,Male,Hispanic or Latino,-84.6131207012036,44.303747148152524
1984-01-06,Jackson,35-44,Male,White,-84.40931912673243,42.29606329533891
1984-01-06,Monroe,0-25,Male,Black,-83.57521346180592,41.9541321133663
1984-01-07,Mason,25-34,Male,White,-86.21844545611117,43.9943060155848
1984-01-07,Monroe,55+,Male,White,-83.53092146512986,41.93977039881552
1984-01-07,Dickinson,45-54,Female,Asian,-87.84476956856703,46.023771693899626
1984-01-08,Macomb,0-25,Female,Black,-82.9365390732878,42.737829629430635
1984-01-08,Dickinson,25-34,Male,Black,-87.84271919056401,45.975802359658104
1984-01-08,Newaygo,35-44,Male,Unknown,-85.77776141458388,43.535102824692856
1984-01-08,Genesee,25-34,Male,Black,-83.73854008292054,43.00941193791904
1984-01-08,Sanilac,25-34,Male,Black,-82.86971388840797,43.41555995168208
1984-01-08,Montmorency,25-34,Male,Native Hawaiian or Other Pacific Islander,-84.14247102967123,44.99624296326747
1984-01-09,Iosco,0-25,Female,Black,-83.6537374816251,44.30635218550187
1984-01-09,Gladwin,0-25,Male,Asian,-84.41966089763157,43.96197920242925
1984-01-09,Clinton,45-54,Male,White,-84.55262562625843,42.96333786141659
1984-01-09,Montcalm,45-54,Male,Black,-85.10792411936055,43.284646958239776
1984-01-10,Benzie,25-34,Female,White,-86.0249261195769,44.67007803989574
1984-01-10,Bay,25-34,Female,White,-83.98172726070308,43.683042476570634
1984-01-10,Osceola,25-34,Male,Black,-85.31771713164109,44.00691490065175
1984-01-11,Muskegon,25-34,Female,Native Hawaiian or Other Pacific Islander,-86.12040304080698,43.31690657448317
1984-01-12,Lenawee,25-34,Male,Black,-84.10959685682673,41.91983745984719
1984-01-12,Baraga,25-34,Female,White,-88.35545374275394,46.70672052383974
1984-01-12,Charlevoix,25-34,Male,Black,-85.13247744082662,45.32546165032799
1984-01-12,Osceola,35-44,Male,Hispanic or Latino,-85.29821436787661,44.02462752793491
1984-01-13,Otsego,35-44,Female,Black,-84.58733268990302,44.992673361105986
1984-01-13,Kalamazoo,35-44,Male,White,-85.51199012602818,42.22410112499285
1984-01-14,Benzie,35-44,Female,Black,-86.04628968765374,44.67426383851081
1984-01-14,Muskegon,35-44,Female,White,-86.19442414733297,43.33058142564397
1984-01-15,Delta,25-34,Female,Native Hawaiian or Other Pacific Islander,-86.93348472690148,45.897557642044134
1984-01-15,Shiawassee,25-34,Female,Black,-84.12830496948291,42.986799352134085
1984-01-15,Schoolcraft,0-25,Female,White,-86.22523017771816,46.15254901278297
1984-01-15,Isabella,25-34,Female,White,-84.84693019724143,43.605714242333875
1984-01-16,Antrim,35-44,Female,Black,-85.12555024117883,44.99650628743863
1984-01-16,Baraga,35-44,Female,American Indian or Alask Native,-88.37241954231229,46.64307639912762
1984-01-16,Calhoun,25-34,Female,Native Hawaiian or Other Pacific Islander,-84.97074508279388,42.275822894336926
1984-01-16,Wexford,25-34,Male,White,-85.6271754092106,44.33427929320077
1984-01-17,Dickinson,25-34,Male,White,-87.87290484450602,46.03632880682824
1984-01-17,Alcona,35-44,Male,White,-83.56782766836915,44.732739019680835
1984-01-17,Wayne,25-34,Male,White,-83.2745852961114,42.316785880284876
1984-01-17,Barry,0-25,Male,White,-85.31497557013488,42.57265010137805
1984-01-17,Jackson,25-34,Male,White,-84.418640092367,42.29692659730565
1984-01-17,Emmet,35-44,Female,Black,-84.91910887929733,45.519015447837084
1984-01-18,Osceola,0-25,Female,Black,-85.34932557090242,43.949990303676174
1984-01-18,Sanilac,25-34,Male,Native Hawaiian or Other Pacific Islander,-82.78668558986837,43.377897865370144
1984-01-18,Luce,55+,Male,Black,-85.5235777877799,46.457078674682705
1984-01-18,Mackinac,45-54,Male,Black,-85.06661069297455,46.07165241462967
1984-01-19,Oscoda,35-44,Female,Black,-84.07950946940379,44.64824102861264
1984-01-19,Charlevoix,0-25,Unknown,Unknown,-85.1202858447477,45.32992158216028
1984-01-19,Roscommon,35-44,Female,Black,-84.63417612593669,44.34203220494222
1984-01-19,Branch,35-44,Male,White,-85.08401062115622,41.86850988275796
1984-01-20,Lapeer,35-44,Female,Black,-83.18129926891226,43.087406922323666
1984-01-20,Livingston,45-54,Female,White,-83.9333692338257,42.60790884387319
1984-01-20,Mackinac,55+,Female,Black,-85.08714491861281,46.0901355353936
1984-01-20,Clinton,35-44,Female,White,-84.55556411593521,42.91770896215207
1984-01-21,Iosco,25-34,Male,White,-83.62600957472816,44.3661592484627
1984-01-21,Chippewa,25-34,Male,Hispanic or Latino,-84.5873236177651,46.29343221403914
1984-01-22,Marquette,25-34,Female,Black,-87.62864091555136,46.43821036655924
1984-01-22,Mackinac,45-54,Male,White,-85.11786525633288,46.075988479439495
1984-01-22,St Clair,0-25,Female,White,-82.6894995224776,42.893249523486766
1984-01-23,Jackson,55+,Male,Native Hawaiian or Other Pacific Islander,-84.4624765028638,42.277062797035335
1984-01-23,Otsego,25-34,Male,Black,-84.63029959931266,45.01622160021466
1984-01-24,Huron,35-44,Male,Black,-83.00984077269823,43.88093887230695
1984-01-24,Cass,25-34,Female,White,-86.01374368145166,41.882173746682135
1984-01-25,Delta,45-54,Male,White,-86.92981792149781,45.88176497778467
1984-01-25,Presque Isle,55+,Male,Native Hawaiian or Other Pacific Islander,-83.95000966206814,45.33417749244726
1984-01-25,Branch,45-54,Female,White,-85.0300741807137,41.9150519708914
1984-01-26,Alger,0-25,Male,Black,-86.57841588068615,46.42640331822689
1984-01-28,Clare,35-44,Male,White,-84.83389670968712,43.95067418201558
1984-01-29,Barry,35-44,Male,Black,-85.34671414469989,42.602950353789936
1984-01-29,Oceana,45-54,Male,Asian,-86.274893470813,43.6142099314171
1984-01-29,Chippewa,35-44,Female,Black,-84.57039591099515,46.26642313999471
1984-01-30,Mackinac,45-54,Male,Black,-85.03153448696045,46.10905799582235
1984-01-30,Sanilac,0-25,Female,White,-82.85740884891806,43.40110725055993
1984-01-30,St Joseph,25-34,Female,White,-85.49603434033457,41.91195017532207
1984-01-30,Alpena,55+,Male,Hispanic or Latino,-83.65191786894863,45.06127404233776
1984-01-31,Otsego,35-44,Male,Native Hawaiian or Other Pacific Islander,-84.57563769305179,45.03749701408536
1984-01-31,Iosco,55+,Male,Black,-83.62264139475992,44.38513258624053
1984-01-31,Bay,35-44,Female,Asian,-83.98656971005097,43.7571464829916
1984-02-01,Arenac,35-44,Female,White,-83.93916309738063,44.05833848858034
1984-02-01,Grand Traverse,35-44,Male,American Indian or Alask Native,-85.5496812706986,44.63566811723012
1984-02-01,Keweenaw,35-44,Male,Native Hawaiian or Other Pacific Islander,-88.41691528576133,47.590701653346635
1984-02-01,St Clair,35-44,Male,Asian,-82.69544791474577,42.96728188772649
1984-02-02,Wexford,25-34,Male,Black,-85.54674041817287,44.37920553799105
1984-02-02,Ionia,35-44,Female,Black,-85.05191433467994,42.89652587068215
1984-02-02,Shiawassee,0-25,Female,Black,-84.10867761649673,42.93097138455488
1984-02-02,Wexford,0-25,Female,Black,-85.5415574254806,44.3328750615518
1984-02-02,St Joseph,35-44,Female,Black,-85.53451952675577,41.93497609418256
1984-02-03,Arenac,35-44,Female,Black,-83.92081117270867,44.058610779494195
1984-02-03,Gladwin,0-25,Female,Black,-84.38346670663522,43.98775632474915
1984-02-03,Genesee,35-44,Female,Black,-83.72412369843792,43.03651543741604
1984-02-03,Mecosta,0-25,Male,Black,-85.27485086415642,43.67328998492427
1984-02-03,Antrim,25-34,Male,Black,-85.14731058821285,45.02750724396052
1984-02-04,Monroe,45-54,Male,Black,-83.55307472902726,41.904968110081946
1984-02-04,Kalamazoo,45-54,Male,Asian,-85.52393922433767,42.222327401497346
1984-02-05,Leelanau,0-25,Female,White,-85.80662378836537,44.93097895324726
1984-02-05,Iosco,25-34,Male,American Indian or Alask Native,-83.59703500280148,44.31991839572588
1984-02-06,Montmorency,25-34,Female,Native Hawaiian or Other Pacific Islander,-84.14509941426124,45.04107862965554
1984-02-06,Bay,55+,Male,White,-84.00193641767237,43.72731000156088
1984-02-06,Bay,35-44,Male,Black,-83.96481031043481,43.741159228519855
1984-02-07,Newaygo,45-54,Female,Native Hawaiian or Other Pacific Islander,-85.82558737360335,43.507636276524
1984-02-08,St Clair,45-54,Female,White,-82.63139662136578,42.97589033091793
1984-02-08,Gogebic,55+,Female,White,-89.64502513961895,46.42963636015027
1984-02-09,Ionia,35-44,Male,Hispanic or Latino,-85.07111691976304,42.911694602038
1984-02-09,Jackson,25-34,Male,American Indian or Alask Native,-84.45202508405542,42.223640903982734
1984-02-09,Kalamazoo,25-34,Male,Native Hawaiian or Other Pacific Islander,-85.48428614456394,42.224058269311875
1984-02-09,St Clair,55+,Male,Black,-82.67501882281451,42.94964260524841
1984-02-09,Baraga,45-54,Female,Black,-88.32418469809475,46.703104542196364
1984-02-10,Iosco,55+,Male,White,-83.67205683054614,44.40584372182286
1984-02-10,Ionia,25-34,Female,Asian,-85.10478446577345,42.92175602721344
1984-02-11,Kalamazoo,0-25,Male,Black,-85.52752513669053,42.26855281594884
1984-02-11,Newaygo,25-34,Female,White,-85.75806083000732,43.58605570270724
1984-02-11,St Clair,0-25,Female,Asian,-82.70377434709258,42.96086431088948
1984-02-11,Alger,55+,Female,Asian,-86.63402897381604,46.376769127073324
1984-02-12,Manistee,55+,Male,White,-86.09273768812868,44.34235909529115
1984-02-12,Menominee,35-44,Male,Black,-87.55571305630237,45.60599347072035
1984-02-13,Monroe,45-54,Female,Black,-83.54461385136679,41.920708647279156
1984-02-13,Livingston,25-34,Female,White,-83.95039882538214,42.55895976793254
1984-02-13,Ionia,55+,Male,White,-85.10372277597837,42.956317572765734
1984-02-14,Bay,35-44,Male,Hispanic or Latino,-83.94361954141117,43.75120953798442
1984-02-14,Isabella,35-44,Female,Black,-84.8787783536657,43.683307207708914
1984-02-14,Newaygo,45-54,Female,Black,-85.83926605861657,43.514152204322734
1984-02-14,Benzie,35-44,Female,White,-85.97532434790317,44.668680387809886
1984-02-15,Ontonagon,35-44,Male,White,-89.29468736909774,46.714232507829664
1984-02-15,Otsego,55+,Male,White,-84.64792730282862,45.06218506220692
1984-02-15,Monroe,25-34,Female,Black,-83.49134452674657,41.96323863584693
1984-02-15,Charlevoix,35-44,Female,White,-85.09850582730054,45.27915701252108
1984-02-15,Alcona,25-34,Female,Black,-83.58862886541064,44.677990714390305
1984-02-16,Midland,45-54,Female,White,-84.42147925719084,43.63008379797703
1984-02-16,Wexford,25-34,Female,Black,-85.54318398856873,44.34471830522482
1984-02-17,Leelanau,25-34,Male,Black,-85.78421083373699,44.93942910322301
1984-02-17,Chippewa,25-34,Male,White,-84.53411239728707,46.33591550660036
1984-02-17,Huron,25-34,Female,Black,-83.04338721736254,43.83131274871815
1984-02-17,Arenac,35-44,Male,White,-83.89079545274036,44.10397984250354
1984-02-19,Jackson,25-34,Male,Black,-84.37576590387467,42.269259706505686
1984-02-19,Lake,0-25,Male,White,-85.80216331594178,43.9725488667932
1984-02-20,Iron,45-54,Male,Black,-88.52026192448916,46.18402503159908
1984-02-21,Chippewa,55+,Female,White,-84.59443188757832,46.34227031743361
1984-02-22,Arenac,55+,Male,White,-83.8649995681711,44.025295564182024
1984-02-22,Bay,45-54,Male,Black,-83.95547236670265,43.69775664030563
1984-02-23,Clare,35-44,Male,Black,-84.81098714962391,44.004307285810235
1984-02-23,Branch,0-25,Male,Asian,-85.02585514415098,41.93919123815654
1984-02-24,Antrim,25-34,Female,White,-85.1434535359007,44.96090775561242
1984-02-24,Missaukee,25-34,Female,Black,-85.07972838712065,44.33643209009922
1984-02-25,Gladwin,25-34,Female,White,-84.42820799523922,43.97803088029107
1984-02-25,Menominee,55+,Male,White,-87.52437960612043,45.59648498215728
1984-02-27,Gratiot,45-54,Male,Asian,-84.62779311375533,43.269270211219755
1984-02-28,Ogemaw,25-34,Female,White,-84.16348677097872,44.36240006434862
1984-02-28,Lenawee,55+,Female,White,-84.1150755180664,41.854327574621465
1984-02-28,Bay,0-25,Male,American Indian or Alask Native,-83.95168133089895,43.75396084617285
1984-02-29,Emmet,45-54,Female,Hispanic or Latino,-84.86871978365475,45.533067722466306
1984-02-29,Ontonagon,35-44,Female,White,-89.31897054023494,46.696656098191454
1984-02-29,Roscommon,35-44,Female,White,-84.62422832624237,44.30081760875482
1984-03-01,Montmorency,35-44,Female,White,-84.11111861810856,45.013429693138484
1984-03-02,Kent,35-44,Female,Black,-85.55106496726093,42.98744057229138
1984-03-02,Marquette,25-34,Female,White,-87.59957424927508,46.43995942791298
1984-03-02,Roscommon,25-34,Female,Black,-84.62861177817287,44.369503644922176
1984-03-02,Marquette,25-34,Female,Asian,-87.68572181635284,46.3918450537245
1984-03-03,Monroe,55+,Female,White,-83.55078775307179,41.97280088716062
1984-03-03,Huron,25-34,Male,White,-83.06142573524501,43.83794155421857
1984-03-03,Dickinson,55+,Male,White,-87.82609470006135,45.98621123425877
1984-03-03,Berrien,35-44,Male,Native Hawaiian or Other Pacific Islander,-86.42702351260311,41.977331478537344
1984-03-04,Charlevoix,35-44,Male,Hispanic or Latino,-85.10218829917164,45.31293980756653
1984-03-04,Sanilac,35-44,Male,Black,-82.80497843610556,43.443923525888074
1984-03-04,Roscommon,0-25,Female,American Indian or Alask Native,-84.56402370697576,44.35628025390988
1984-03-05,Ionia,45-54,Female,Native Hawaiian or Other Pacific Islander,-85.02542839061843,42.95522354919537
1984-03-05,Osceola,45-54,Female,American Indian or Alask Native,-85.28961606754827,44.02991235985696
1984-03-05,Oakland,55+,Male,Hispanic or Latino,-83.34518224757227,42.667242691398705
1984-03-06,Dickinson,25-34,Male,Asian,-87.8308493612419,46.054335401344545
1984-03-06,Clare,45-54,Female,Asian,-84.80275530312382,43.973348711697504
1984-03-06,Muskegon,25-34,Male,American Indian or Alask Native,-86.17748172326019,43.2508192019028
1984-03-06,Gogebic,0-25,Female,Black,-89.67860219475563,46.41995118536641
1984-03-07,Branch,45-54,Female,American Indian or Alask Native,-85.07164840832289,41.886449338321526
1984-03-07,Roscommon,0-25,Female,Asian,-84.60884528700078,44.32252394298777
1984-03-08,Gogebic,45-54,Female,Asian,-89.65320795432324,46.43656728289445
1984-03-08,Schoolcraft,45-54,Male,White,-86.15578671907122,46.1561340456861
1984-03-08,Kalkaska,35-44,Male,Black,-85.06870577283624,44.71036846151767
1984-03-08,Lenawee,35-44,Male,Other,-84.03080112495064,41.9221667613277
1984-03-08,Crawford,55+,Male,Black,-84.58703238894778,44.70540845495904
1984-03-08,Mackinac,35-44,Male,Black,-85.06573446630448,46.03259195539143
1984-03-09,Midland,25-34,Male,White,-84.41484693511015,43.66793829842153
1984-03-09,Lenawee,25-34,Male,Black,-84.11068517532733,41.92254438594572
1984-03-09,Midland,45-54,Female,Black,-84.42550717456318,43.6838267898728
1984-03-09,Kalamazoo,25-34,Male,Black,-85.55500939854873,42.23648670536979
1984-03-09,Monroe,0-25,Male,White,-83.57041360254634,41.95209389332558
1984-03-10,Emmet,45-54,Female,White,-84.85894032831017,45.52118242351086
1984-03-10,Manistee,35-44,Male,Black,-86.06509348788373,44.35993696554563
1984-03-11,Muskegon,35-44,Male,Black,-86.10753827206634,43.31880434872764
1984-03-12,Washtenaw,35-44,Male,White,-83.81806346353407,42.251825776444136
1984-03-12,Muskegon,45-54,Male,White,-86.14268676372623,43.32711656719723
1984-03-13,Iosco,55+,Male,Other,-83.606305714482,44.31689631963722
1984-03-13,Iron,45-54,Female,American Indian or Alask Native,-88.51884151619817,46.18474930975321
1984-03-14,Arenac,35-44,Male,Black,-83.93804953361472,44.03794729247186
1984-03-14,Ontonagon,25-34,Female,Other,-89.31708775012562,46.65383985822686
1984-03-14,Oakland,55+,Female,Asian,-83.36050233666415,42.66349929058545
1984-03-14,Alger,0-25,Male,Black,-86.58288959065754,46.45773542568545
1984-03-14,Macomb,25-34,Male,Black,-82.8973533806235,42.68013214934109
1984-03-15,Hillsdale,25-34,Female,White,-84.57818638559705,41.8939067283299
1984-03-15,Wayne,25-34,Male,Native Hawaiian or Other Pacific Islander,-83.30800297860016,42.30436169585935
1984-03-16,Oakland,25-34,Female,White,-83.37692148075362,42.67938137207631
1984-03-16,Isabella,55+,Male,White,-84.82605570094667,43.67074444143881
1984-03-17,Isabella,25-34,Female,Asian,-84.85995200221001,43.60560558922943
1984-03-17,Alger,25-34,Male,Black,-86.60514303987698,46.39688547973769
1984-03-17,Ionia,35-44,Male,White,-85.11554208037897,42.990099936113914
1984-03-18,Alpena,25-34,Female,White,-83.67452044152866,45.0499248249942
1984-03-18,Iron,45-54,Male,Black,-88.48336092153649,46.23172499164668
1984-03-18,Menominee,35-44,Female,Black,-87.513448453225,45.58542680610015
1984-03-19,Lenawee,25-34,Male,Unknown,-84.06336366068888,41.896678822705574
1984-03-19,Calhoun,25-34,Female,White,-84.97085537105565,42.2626948937666
1984-03-19,Sanilac,35-44,Female,White,-82.80107849917374,43.42773353857123
1984-03-19,Midland,55+,Male,White,-84.38905267759644,43.66215001757696
1984-03-19,Roscommon,35-44,Female,Hispanic or Latino,-84.5800416797071,44.376099095451195
1984-03-19,Hillsdale,0-25,Female,White,-84.63054520564462,41.855614098390475
1984-03-20,Antrim,45-54,Female,Black,-85.1849159457963,45.04041634383773
1984-03-20,Ingham,25-34,Female,Black,-84.36122399454305,42.55809443973266
1984-03-20,Calhoun,35-44,Female,American Indian or Alask Native,-85.03237110076299,42.26402714392654
1984-03-20,Houghton,25-34,Female,Black,-88.72921311579874,46.92096810000118
1984-03-20,Charlevoix,25-34,Female,Black,-85.17350217306218,45.33019999985645
1984-03-21,St Joseph,35-44,Female,White,-85.48643615753512,41.88733644466225
1984-03-21,Sanilac,35-44,Female,White,-82.85685275443659,43.44245383384478
1984-03-22,Bay,55+,Male,Black,-84.01994456987958,43.73248547688039
1984-03-22,Ionia,25-34,Male,Black,-85.03849033621505,42.9165115841986
1984-03-22,Kalkaska,25-34,Male,White,-85.10784952137341,44.711335348223024
1984-03-23,Charlevoix,45-54,Female,White,-85.09837885214213,45.2796617647185
1984-03-23,Iron,45-54,Male,Black,-88.55210039981189,46.25214737820732
1984-03-24,Calhoun,25-34,Male,Other,-85.03343851076842,42.225127458392095
1984-03-25,Chippewa,25-34,Male,Native Hawaiian or Other Pacific Islander,-84.55797398750438,46.256313264250856
1984-03-25,Marquette,45-54,Male,Black,-87.68619976610923,46.471316535887006
1984-03-26,Iron,25-34,Male,Black,-88.53930027041126,46.17214190457058
1984-03-26,Dickinson,55+,Female,Asian,-87.86312295931285,46.05428498313313
1984-03-26,Alger,0-25,Female,White,-86.56817451270034,46.371793826243206
1984-03-27,St Clair,35-44,Male,American Indian or Alask Native,-82.70131981404778,42.900649345871265
1984-03-27,Clare,35-44,Female,Black,-84.84200409841499,43.971767593512254
1984-03-28,Muskegon,25-34,Male,White,-86.14577028290454,43.32176152999028
1984-03-28,Lenawee,25-34,Female,White,-84.06048018666183,41.88462723134323
1984-03-28,Oscoda,25-34,Male,White,-84.13577789557337,44.634240133908406
1984-03-28,Isabella,25-34,Female,White,-84.8551508899202,43.59889545162188
1984-03-28,Branch,25-34,Female,Hispanic or Latino,-85.05590080622518,41.88414990724942
1984-03-30,Sanilac,0-25,Male,White,-82.85896603625538,43.38118807878408
1984-04-02,Newaygo,45-54,Female,Black,-85.79717289902591,43.54126048498428
1984-04-03,Alpena,35-44,Female,White,-83.63999313812538,45.07974424049903
1984-04-03,Kalamazoo,35-44,Male,White,-85.55065663931671,42.20158207451686
1984-04-04,Monroe,55+,Female,Black,-83.56615263279353,41.91287949319875
1984-04-04,Clare,25-34,Female,White,-84.86246952697242,43.98308396584268
1984-04-04,Gladwin,55+,Male,White,-84.35654987667317,43.99709306730339
1984-04-05,Ogemaw,55+,Male,Black,-84.12469760014386,44.31515453947234
1984-04-05,Benzie,35-44,Male,White,-85.96712101021487,44.67100601471942
1984-04-06,Roscommon,55+,Male,Hispanic or Latino,-84.6015356708273,44.37078131166916
1984-04-06,Allegan,0-25,Male,Black,-85.84071952721266,42.58423501372286
1984-04-06,Marquette,35-44,Male,Black,-87.63687933068367,46.399985995473344
1984-04-06,Muskegon,55+,Male,Black,-86.10780994114403,43.27934683483162
1984-04-07,Livingston,45-54,Male,Black,-83.94705643810427,42.64696894924326
1984-04-08,Wayne,35-44,Male,White,-83.26136464639436,42.29674655622991
1984-04-08,Kalamazoo,35-44,Female,Black,-85.48285702499875,42.275514034483656
1984-04-08,Montmorency,35-44,Female,White,-84.12215770476975,45.0020382327315
1984-04-08,Presque Isle,55+,Male,Asian,-83.9401891443388,45.32658965780864
1984-04-09,Kalkaska,25-34,Male,Hispanic or Latino,-85.06774439616548,44.65146278535391
1984-04-09,Dickinson,25-34,Female,White,-87.87214692445824,45.978050590507976
1984-04-09,Saginaw,35-44,Female,Black,-84.01063262914506,43.29493698743987
1984-04-10,Dickinson,45-54,Female,Black,-87.8646300605979,46.01545987855638
1984-04-11,Ogemaw,35-44,Male,White,-84.11098816955621,44.34577719422038
1984-04-11,Clare,35-44,Male,White,-84.83657914744748,43.9732594716474
1984-04-12,Alpena,35-44,Female,Hispanic or Latino,-83.62710707576977,45.00043076978641
1984-04-13,Clare,35-44,Female,White,-84.81700896728627,43.951561018036266
1984-04-13,Manistee,25-34,Male,Native Hawaiian or Other Pacific Islander,-86.04863649080097,44.367079004243024
1984-04-13,Van Buren,25-34,Male,Black,-86.02464403065187,42.27074006615248
1984-04-13,Cass,35-44,Male,Black,-86.01226113055745,41.90328613697253
1984-04-14,Macomb,35-44,Male,Native Hawaiian or Other Pacific Islander,-82.9347490283564,42.652384587391374
1984-04-14,Isabella,25-34,Male,White,-84.81618656040274,43.62057599335435
1984-04-14,Ontonagon,55+,Female,White,-89.26820571768849,46.61568509041306
1984-04-15,Clinton,35-44,Unknown,White,-84.5817875150668,42.936376939999356
1984-04-16,Bay,45-54,Male,Black,-84.02277675764411,43.7548193846457
1984-04-16,Keweenaw,55+,Male,Hispanic or Latino,-88.49009582809472,47.61725216003421
1984-04-16,Shiawassee,35-44,Male,Hispanic or Latino,-84.15800334359656,42.92099423949489
1984-04-16,Cheboygan,55+,Male,White,-84.54025401476568,45.42858464604951
1984-04-16,Newaygo,35-44,Female,Black,-85.81312861812363,43.51562694702577
1984-04-16,Monroe,25-34,Male,Hispanic or Latino,-83.52909570546043,41.94151870546685
1984-04-16,Clare,35-44,Female,Black,-84.86092660478451,43.945373047902535
1984-04-17,Lake,25-34,Female,White,-85.83760152152466,43.96043396900869
1984-04-19,Gogebic,45-54,Male,White,-89.73008058099127,46.43536996667032
1984-04-20,Clinton,35-44,Female,Black,-84.56435915026782,42.93341848995618
1984-04-21,Lenawee,25-34,Male,Asian,-84.08071376742372,41.86856919849112
1984-04-22,Emmet,55+,Female,American Indian or Alask Native,-84.86632613662043,45.49466542225206
1984-04-22,Montmorency,25-34,Male,Hispanic or Latino,-84.13562575171026,45.00487934752021
1984-04-23,Emmet,35-44,Male,White,-84.93635168565548,45.49998111421125
1984-04-24,Osceola,45-54,Male,White,-85.33432155880544,44.016536811769804
1984-04-24,Clinton,45-54,Female,Black,-84.62998891358863,42.98037191572169
1984-04-24,Muskegon,25-34,Female,Black,-86.14404071838158,43.275429406327376
1984-04-25,Clinton,25-34,Male,Asian,-84.64099666349308,42.95674016224805
1984-04-28,Ingham,55+,Female,White,-84.33809218661686,42.63897856821192
1984-04-29,Eaton,35-44,Male,Black,-84.78806065890475,42.63487699658729
1984-04-29,Bay,55+,Female,Black,-84.00109348409646,43.71571960970856
1984-04-29,Benzie,55+,Female,White,-86.03759432677253,44.63251688755273
1984-04-29,Hillsdale,25-34,Female,White,-84.60242304380807,41.86741224489568
1984-04-29,Lenawee,55+,Male,White,-84.01739472325588,41.86521513889813
1984-04-29,Berrien,25-34,Female,Hispanic or Latino,-86.46159451016017,41.97835808213255
1984-04-29,Huron,25-34,Female,American Indian or Alask Native,-83.04772631447891,43.825631864079796
1984-04-29,Oceana,25-34,Female,White,-86.30127694484159,43.63469286122857
1984-04-30,Tuscola,35-44,Female,White,-83.37178530726972,43.44242107622289
1984-04-30,Isabella,25-34,Female,Black,-84.88312255841859,43.63676627154119
1984-05-01,Manistee,0-25,Male,Black,-86.07871088536415,44.29264871576664
1984-05-02,Van Buren,25-34,Female,White,-86.02349952438587,42.209939240560644
1984-05-02,Barry,25-34,Female,White,-85.30614097799969,42.60912388027939
1984-05-02,Marquette,25-34,Male,Black,-87.63597752114619,46.3865025457473
1984-05-03,Mason,25-34,Female,Black,-86.25832159228594,44.03553726265615
1984-05-03,Shiawassee,45-54,Female,Black,-84.17776511945603,42.91132314313889
1984-05-03,Eaton,25-34,Male,Hispanic or Latino,-84.83958788917253,42.62914239614441
1984-05-03,Leelanau,35-44,Unknown,Black,-85.76939527226705,44.93294115803212
1984-05-03,Montmorency,55+,Male,Native Hawaiian or Other Pacific Islander,-84.10099923813631,44.99000883998403
1984-05-03,Tuscola,35-44,Male,Native Hawaiian or Other Pacific Islander,-83.41227366894985,43.41597136582244
1984-05-04,Livingston,55+,Female,White,-83.90007782201945,42.634250990197685
1984-05-05,Macomb,25-34,Female,White,-82.92343416830482,42.72379122089549
1984-05-06,Menominee,25-34,Male,White,-87.51907728915177,45.61360152515008
1984-05-08,Dickinson,0-25,Male,Black,-87.91603810359594,46.00991892523658
1984-05-08,Iosco,55+,Female,Hispanic or Latino,-83.60787906649675,44.31511425390746
1984-05-08,Leelanau,25-34,Male,Hispanic or Latino,-85.81589341190963,44.96917189108179
1984-05-09,Clare,35-44,Male,White,-84.8823805905499,44.000730400936995
1984-05-09,Crawford,25-34,Male,Black,-84.61084459541078,44.70556946700657
1984-05-10,Gogebic,25-34,Male,Black,-89.65642640048542,46.399951884142865
1984-05-10,Iosco,35-44,Female,Black,-83.61423672404624,44.4025876176171
1984-05-10,Lapeer,35-44,Male,White,-83.25953860571067,43.12549343705093
1984-05-10,Muskegon,0-25,Male,White,-86.14092864854196,43.26084244747751
1984-05-10,Calhoun,35-44,Male,White,-84.98693804929003,42.223305718736746
1984-05-11,Monroe,55+,Male,Black,-83.55746876310509,41.96917180103945
1984-05-12,Luce,45-54,Male,Black,-85.5415135208658,46.43344197958123
1984-05-12,Lapeer,0-25,Male,Black,-83.19261188730901,43.106910321835834
1984-05-12,Monroe,0-25,Male,Black,-83.56782931432983,41.880721975070465
1984-05-12,Baraga,35-44,Male,Black,-88.359986640527,46.634614014244605
1984-05-13,Genesee,35-44,Female,White,-83.68482060370987,42.99575908197431
1984-05-13,Tuscola,35-44,Male,Black,-83.4247364315641,43.48857115253396
1984-05-13,Livingston,45-54,Male,Hispanic or Latino,-83.94761232496003,42.62245767810441
1984-05-14,Gogebic,35-44,Female,Black,-89.66802089928656,46.414491537426976
1984-05-14,Menominee,35-44,Female,Black,-87.53253611932577,45.57480711641705
1984-05-14,Clare,35-44,Male,White,-84.8299194875103,43.970051123806485
1984-05-14,Monroe,55+,Male,American Indian or Alask Native,-83.54631187683252,41.9014425634907
1984-05-14,Livingston,55+,Male,Native Hawaiian or Other Pacific Islander,-83.87218657364366,42.610548485785095
1984-05-14,Mecosta,25-34,Male,Black,-85.29837613157402,43.63937344124995
1984-05-15,Mecosta,25-34,Male,Other,-85.33355574865111,43.59913836897948
1984-05-16,Alcona,25-34,Male,White,-83.54672095906365,44.68184183136869
1984-05-16,Otsego,55+,Female,Black,-84.6300509158027,45.04187263322487
1984-05-17,Baraga,25-34,Female,White,-88.33404371289005,46.67986368315549
1984-05-18,Manistee,25-34,Male,Black,-86.07717599233222,44.37983736873521
1984-05-19,Allegan,25-34,Female,Asian,-85.91893797529579,42.602833709238055
1984-05-19,Washtenaw,45-54,Male,Black,-83.79115731584346,42.24294561392278
1984-05-20,Bay,55+,Female,Black,-84.02785220478006,43.74954209338189
1984-05-20,Ingham,25-34,Female,White,-84.34589246805102,42.608261993572654
1984-05-20,Huron,25-34,Female,Black,-82.98548422788318,43.86475894875357
1984-05-20,Marquette,35-44,Male,White,-87.5918203590588,46.42686173749556
1984-05-20,Ottawa,45-54,Female,White,-86.04250299472591,42.9348442576571
1984-05-20,Alger,55+,Male,Native Hawaiian or Other Pacific Islander,-86.6081588985993,46.37919978008266
1984-05-21,Arenac,25-34,Male,White,-83.92257329192587,44.08076126171006
1984-05-21,Van Buren,25-34,Male,White,-85.99229814847969,42.253490890196204
1984-05-22,Iosco,25-34,Male,Black,-83.67819013823086,44.34420382166449
1984-05-22,Osceola,55+,Female,Asian,-85.2961977693033,43.974293023871276
1984-05-23,Newaygo,25-34,Male,Black,-85.8210666554002,43.59175893377436
1984-05-23,Lenawee,35-44,Male,Black,-84.0342009243664,41.89244715846661
1984-05-24,Antrim,35-44,Female,Black,-85.119432797377,44.981990415536885
1984-05-24,Crawford,25-34,Female,Black,-84.57772415544457,44.66468065482958
1984-05-24,Emmet,35-44,Male,Black,-84.89345661366823,45.48457155142563
1984-05-24,Alpena,25-34,Female,Black,-83.58676998122252,45.04266884280021
1984-05-25,Leelanau,25-34,Male,Hispanic or Latino,-85.82772918005497,44.90153104752501
1984-05-25,Houghton,55+,Female,Black,-88.66406442733911,46.886285324860715
1984-05-26,Ogemaw,25-34,Female,White,-84.15881218441024,44.35092895686727
1984-05-26,Branch,45-54,Female,Hispanic or Latino,-85.02762542192627,41.951643313767875
1984-05-27,Huron,25-34,Male,American Indian or Alask Native,-83.0377286007874,43.785799677621846
1984-05-27,Shiawassee,0-25,Male,White,-84.12624299574388,42.929501138579575
1984-05-28,Branch,35-44,Male,Black,-85.08492604684038,41.871228372893704
1984-05-28,Clinton,35-44,Female,White,-84.58280048714444,42.92345969500928
1984-05-28,Berrien,25-34,Female,Native Hawaiian or Other Pacific Islander,-86.45689030005573,41.913393833622585
1984-05-28,Grand Traverse,25-34,Male,Black,-85.51120215915437,44.70605446871032
1984-05-28,Gratiot,45-54,Female,Hispanic or Latino,-84.5785648741837,43.27969805645836
1984-05-28,Kent,55+,Male,American Indian or Alask Native,-85.5843833204053,43.06528984525403
1984-05-28,Benzie,25-34,Male,Black,-85.98765454368268,44.67657311408538
1984-05-28,Jackson,45-54,Male,White,-84.3969162709621,42.23244993627925
1984-05-29,Livingston,55+,Female,White,-83.87078412803527,42.592047951857516
1984-05-29,Bay,55+,Female,White,-84.03755546205728,43.67173037038907
1984-05-30,Calhoun,0-25,Female,Asian,-85.04805641732744,42.25158217288238
1984-05-30,Menominee,45-54,Female,Black,-87.57403406038499,45.60636195165601
1984-05-31,Cass,25-34,Female,White,-86.00500996975966,41.87167233143978
1984-05-31,Bay,25-34,Female,Black,-83.97402537876432,43.67500439313929
1984-05-31,Hillsdale,25-34,Female,White,-84.5678576693179,41.93129199490142
1984-05-31,Luce,25-34,Male,American Indian or Alask Native,-85.5626795701511,46.51256820555147
1984-05-31,Berrien,35-44,Male,Hispanic or Latino,-86.45024717153001,41.911032460841035
1984-06-02,Calhoun,35-44,Female,Asian,-85.00050029489938,42.280671330092105
1984-06-02,Washtenaw,25-34,Female,White,-83.87575891969739,42.228517161760415
1984-06-03,Huron,35-44,Male,Black,-82.97730538519899,43.84941310639576
1984-06-03,Oceana,35-44,Female,Asian,-86.23523324220965,43.68368300181242
1984-06-03,Ottawa,55+,Male,White,-86.02421810600481,42.93289125613361
1984-06-04,Leelanau,35-44,Male,White,-85.81008275101529,44.94435262802315
1984-06-04,Branch,25-34,Male,White,-85.08011427587815,41.92604843427063
1984-06-05,Marquette,25-34,Female,American Indian or Alask Native,-87.68429852935027,46.431633131185535
1984-06-05,Antrim,25-34,Male,American Indian or Alask Native,-85.16622629204785,45.03793070299308
1984-06-05,Macomb,0-25,Female,Native Hawaiian or Other Pacific Islander,-82.96415793651103,42.71800506226456
1984-06-05,Eaton,35-44,Female,Black,-84.84583676887756,42.563507180228285
1984-06-06,Delta,45-54,Male,Black,-86.87621763085916,45.945181858429045
1984-06-06,Oscoda,25-34,Male,Hispanic or Latino,-84.11159735449442,44.68076292590077
1984-06-06,Wayne,55+,Female,Black,-83.28897778906273,42.24376104396873
1984-06-07,Allegan,55+,Female,White,-85.86397142069511,42.54448909698478
1984-06-07,Calhoun,25-34,Male,White,-84.98416014589675,42.259607545610585
1984-06-07,Kalkaska,35-44,Female,Native Hawaiian or Other Pacific Islander,-85.08290911183327,44.638056353367304
1984-06-08,Berrien,0-25,Female,White,-86.42487701610497,41.99551772141857
1984-06-08,Keweenaw,35-44,Female,White,-88.45342955417776,47.6392469528502
1984-06-09,Montcalm,25-34,Male,White,-85.13321393387632,43.32171581995233
1984-06-09,Macomb,25-34,Male,White,-82.93111081232323,42.73133145503477
1984-06-09,Isabella,35-44,Male,Black,-84.85358095291063,43.689923745364034
1984-06-09,Mackinac,25-34,Male,Black,-85.06039267679702,46.05508504683955
1984-06-09,Genesee,25-34,Female,White,-83.73329081012947,43.06036552655548
1984-06-10,Midland,25-34,Female,White,-84.42694680778638,43.59758983724967
1984-06-11,Bay,45-54,Female,White,-83.95514025617744,43.70117605653283
1984-06-12,Gogebic,35-44,Female,Black,-89.7071646724373,46.43235762480748
1984-06-12,Branch,35-44,Male,Black,-85.08691362526572,41.95204920930684
1984-06-12,Calhoun,25-34,Female,Black,-85.0319144284535,42.28214403718038
1984-06-13,Kalkaska,35-44,Female,Black,-85.06462656746092,44.70521455649853
1984-06-13,Ionia,25-34,Male,Native Hawaiian or Other Pacific Islander,-85.10513849502104,42.96679900142896
1984-06-13,Allegan,25-34,Male,Black,-85.84635383862627,42.6102958374125
1984-06-14,Delta,25-34,Female,White,-86.96249044458158,45.943430376523395
1984-06-14,Lapeer,35-44,Female,White,-83.18525813281434,43.052482650802254
1984-06-14,Branch,35-44,Female,White,-85.10220205994868,41.88060588596831
1984-06-14,Lake,25-34,Female,Asian,-85.78474528441862,43.99359278726272
1984-06-14,Grand Traverse,25-34,Male,Black,-85.58176910400617,44.70601422999606
1984-06-14,Mackinac,45-54,Male,White,-85.07504717955338,46.05981735898797
1984-06-14,Saginaw,25-34,Male,White,-84.09284681316319,43.28914113915514
1984-06-15,Bay,35-44,Female,American Indian or Alask Native,-83.98060698483005,43.670032614838995
1984-06-15,Ionia,35-44,Female,White,-85.11487418748342,42.94856543130328
1984-06-16,Gladwin,45-54,Male,White,-84.37996017758849,43.95230814366422
1984-06-16,Mason,25-34,Male,Native Hawaiian or Other Pacific Islander,-86.26840183654855,43.948308634383935
1984-06-16,Lenawee,45-54,Female,Black,-84.0999082236708,41.922959415440474
1984-06-16,Schoolcraft,55+,Female,White,-86.21415789881632,46.16396048199476
1984-06-16,Alpena,0-25,Female,White,-83.61586501420426,44.9995224187113
1984-06-16,Presque Isle,25-34,Male,White,-83.95231635945032,45.30063970837833
1984-06-16,Leelanau,45-54,Female,White,-85.79541632631773,44.952940325058314
1984-06-17,Berrien,55+,Female,Black,-86.39894510646684,41.9885592841259
1984-06-17,Baraga,45-54,Female,Black,-88.32293233386814,46.62440127794007
1984-06-18,Oscoda,45-54,Male,Asian,-84.10524423170186,44.67115945357044
1984-06-18,Cass,25-34,Female,White,-85.96477269122346,41.96414086939824
1984-06-18,Washtenaw,25-34,Male,Black,-83.83847958624297,42.27639646308378
1984-06-19,Washtenaw,0-25,Male,Asian,-83.79142583210505,42.20351782342618
1984-06-19,Iron,55+,Female,White,-88.53739760834064,46.20399952887463
1984-06-19,Keweenaw,0-25,Female,Black,-88.44813402191873,47.64037417311402
1984-06-19,Baraga,0-25,Female,White,-88.3507194105024,46.61449905658371
1984-06-20,Chippewa,45-54,Female,White,-84.54362840981788,46.2646486267895
1984-06-22,Mason,55+,Female,White,-86.26047995795979,43.95154973289282
1984-06-22,Shiawassee,25-34,Female,Asian,-84.12295156663009,42.952577545439105
1984-06-22,Lenawee,35-44,Female,Black,-84.01965528022771,41.877100313339
1984-06-23,Clare,45-54,Male,Black,-84.83718533672238,44.02798549884478
1984-06-23,Keweenaw,25-34,Male,White,-88.48111436725523,47.58189431408467
1984-06-23,Bay,45-54,Female,Black,-83.98054935159271,43.68708378733902
1984-06-24,Lenawee,35-44,Male,Black,-84.0223067068324,41.92508618658884
1984-06-25,Presque Isle,35-44,Female,Black,-83.89587996052602,45.31129180104232
1984-06-25,Bay,0-25,Male,Black,-84.03704428257413,43.74518027913057
1984-06-25,Livingston,55+,Male,White,-83.91552329213998,42.56475270795182
1984-06-25,Presque Isle,55+,Male,Black,-83.96717614984242,45.32526737097814
1984-06-25,Cass,0-25,Male,Black,-86.02799404767022,41.96037426044067
1984-06-26,Sanilac,0-25,Female,Black,-82.78750584046848,43.37646034118212
1984-06-26,Chippewa,45-54,Male,White,-84.59328848551178,46.30892889876386
1984-06-26,Presque Isle,25-34,Female,Hispanic or Latino,-83.88706802361132,45.35172671676131
1984-06-26,Lenawee,25-34,Female,White,-84.04811789071334,41.85249147463383
1984-06-27,Macomb,45-54,Male,American Indian or Alask Native,-82.93350660673723,42.649669974631486
1984-06-27,Clinton,25-34,Male,White,-84.63274541918732,42.96128107068408
1984-06-27,Tuscola,55+,Male,Black,-83.38231383866385,43.51319450782367
1984-06-27,Montcalm,55+,Male,White,-85.18880358044593,43.34869323001419
1984-06-28,Iosco,25-34,Male,White,-83.6655136418988,44.36183529737635
1984-06-28,Ottawa,35-44,Male,Black,-86.0347961207052,42.93503973285854
1984-06-29,Oscoda,45-54,Female,Black,-84.17865635645724,44.68411471763266
1984-06-29,Lapeer,25-34,Male,Black,-83.1948737809702,43.047658573915044
1984-06-29,Leelanau,25-34,Female,American Indian or Alask Native,-85.78213767051353,44.92256176587368
1984-06-29,Oceana,35-44,Male,White,-86.24831704549814,43.6569748076385
1984-06-30,Alger,55+,Male,Hispanic or Latino,-86.57024262455619,46.43003862624969
1984-06-30,Roscommon,25-34,Male,White,-84.5830152392576,44.28782955998545
1984-06-30,Livingston,35-44,Female,White,-83.87225757126897,42.55788588081862
1984-07-01,Presque Isle,25-34,Male,White,-83.87786901948503,45.30435324030917
1984-07-01,Macomb,25-34,Female,Asian,-82.88557389305915,42.70339914206488
1984-07-01,Ottawa,0-25,Female,White,-85.96204272218591,42.97131937810631
1984-07-02,Eaton,45-54,Male,White,-84.84256951421682,42.590816121351
1984-07-02,Berrien,35-44,Male,Black,-86.41370614608262,41.92938943584403
1984-07-02,Iron,25-34,Female,Black,-88.54190864576391,46.241786293424916
1984-07-03,Montmorency,55+,Male,White,-84.11897915608472,45.01683614157191
1984-07-04,Mackinac,0-25,Female,Black,-85.04112502935295,46.07054984753539
1984-07-04,Iron,25-34,Female,White,-88.53760036884329,46.25123914342292
1984-07-05,Dickinson,25-34,Male,Asian,-87.84415855582974,46.044741987938444
1984-07-05,Crawford,45-54,Male,Black,-84.58159534720103,44.73148185531673
1984-07-06,Kalkaska,25-34,Female,White,-85.13223102814149,44.711229710588455
1984-07-06,Missaukee,25-34,Male,White,-85.13374725934932,44.37922423166539
1984-07-06,Otsego,35-44,Male,Black,-84.54915541450981,45.02254402458251
1984-07-06,Oscoda,55+,Male,White,-84.09158718986626,44.6477598435989
1984-07-06,Macomb,45-54,Male,White,-82.91649655541221,42.72025298648749
1984-07-07,Otsego,35-44,Female,White,-84.59359246480382,45.04347311517338
1984-07-07,Iron,55+,Male,Native Hawaiian or Other Pacific Islander,-88.53128704613832,46.20572066613368
1984-07-07,Otsego,25-34,Female,White,-84.56989918612142,44.97357215077762
1984-07-08,Van Buren,25-34,Female,White,-86.0228263548535,42.30105143041289
1984-07-08,Chippewa,25-34,Male,Black,-84.52057087877091,46.350368200158606
1984-07-09,Clare,0-25,Female,White,-84.84370957587329,43.97343437185078
1984-07-10,Houghton,35-44,Female,White,-88.65992324949681,46.855566125388236
1984-07-10,Cass,55+,Unknown,Black,-85.95578415861577,41.92532232964553
1984-07-10,Eaton,55+,Male,White,-84.79489438027117,42.61980558480911
1984-07-10,Kalkaska,35-44,Male,White,-85.10010057888711,44.65950904017483
1984-07-10,St Clair,0-25,Male,Black,-82.66671257814556,42.894552377564644
1984-07-11,Kalkaska,25-34,Female,Black,-85.11539649958732,44.682598856316595
1984-07-11,Lake,35-44,Female,Black,-85.7825070638321,43.94395914968864
1984-07-11,Eaton,45-54,Male,Black,-84.83699806118584,42.57688443700738
1984-07-12,Lenawee,25-34,Male,White,-84.03311800070315,41.9009801596928
1984-07-12,Marquette,25-34,Male,Asian,-87.6080942791832,46.474596866165555
1984-07-12,Crawford,25-34,Male,Black,-84.64667253971388,44.66614557013026
1984-07-12,Hillsdale,55+,Female,Black,-84.62906679094999,41.89505832704926
1984-07-12,Tuscola,25-34,Male,Black,-83.43674767137014,43.51390444948366
1984-07-13,Mecosta,25-34,Male,Asian,-85.30877673486573,43.61419712715363
1984-07-13,Osceola,25-34,Female,Native Hawaiian or Other Pacific Islander,-85.29791248291208,43.988612661353066
1984-07-13,Oakland,35-44,Male,White,-83.42775495110725,42.616639365148444
1984-07-13,Saginaw,25-34,Male,American Indian or Alask Native,-84.08743605117613,43.38299956976589
1984-07-14,Manistee,35-44,Male,Asian,-86.04970234434455,44.285701397353364
1984-07-14,Ontonagon,55+,Female,Black,-89.27900795610515,46.64352575109039
1984-07-15,Berrien,0-25,Male,White,-86.41881786354428,41.92272920016173
1984-07-15,Houghton,25-34,Male,Black,-88.71281484615494,46.93325434053508
1984-07-15,Midland,25-34,Female,Black,-84.35099635904714,43.65380498469404
1984-07-15,Gratiot,25-34,Female,Black,-84.61718541630796,43.29500484633995
1984-07-16,Lake,55+,Male,White,-85.822795112434,43.995476746921035
1984-07-16,Lenawee,45-54,Female,Black,-84.02429685513987,41.94407787869731
1984-07-16,Livingston,25-34,Male,White,-83.94704909356274,42.63638575827577
1984-07-16,Schoolcraft,0-25,Female,Asian,-86.21905539891794,46.189997165755926
1984-07-16,Oceana,25-34,Female,Black,-86.28801767724788,43.5929662214749
1984-07-16,Branch,0-25,Female,Black,-85.06507298758655,41.9622553678222
1984-07-16,Iron,55+,Female,Asian,-88.49417621315594,46.19024104352368
1984-07-17,Gogebic,25-34,Female,Asian,-89.67582894853422,46.408528215417476
1984-07-18,Emmet,35-44,Male,Asian,-84.93736122658301,45.532260016865365
1984-07-18,Lapeer,0-25,Female,Black,-83.17325373652406,43.0499104240143
1984-07-18,Wayne,35-44,Female,American Indian or Alask Native,-83.2557624274229,42.2960695404596
1984-07-18,Montcalm,55+,Female,Black,-85.14025702256036,43.299199988871024
1984-07-18,Iosco,35-44,Female,White,-83.61122062901336,44.340796236310204
1984-07-18,Baraga,45-54,Male,White,-88.33458835670211,46.69624420732782
1984-07-18,Muskegon,45-54,Male,White,-86.13522958500755,43.308485227193614
1984-07-19,St Joseph,55+,Female,Black,-85.55699034533197,41.88902039166039
1984-07-19,Cass,55+,Female,White,-85.94902677959547,41.89577868164807
1984-07-20,Clare,45-54,Female,White,-84.8930255798085,43.939132512956874
1984-07-20,Bay,55+,Male,White,-83.9658028046865,43.675809405818214
1984-07-21,Van Buren,55+,Female,White,-86.0416314810357,42.25168143959522
1984-07-21,Iron,45-54,Male,White,-88.56616435623874,46.21887956744381
1984-07-21,Midland,45-54,Female,White,-84.35515132941869,43.687742209001385
1984-07-21,Mecosta,55+,Female,Asian,-85.30616894065976,43.644096468185964
1984-07-22,Clinton,55+,Male,White,-84.62381343929806,42.941294953130736
1984-07-22,Schoolcraft,35-44,Female,White,-86.1725050789638,46.15666044159407
1984-07-22,Gladwin,35-44,Female,Black,-84.36408406657692,43.94083878618292
1984-07-22,Lake,45-54,Male,White,-85.83654206924997,44.017202005483135
1984-07-22,Antrim,45-54,Female,White,-85.170440404148,44.9774810645466
1984-07-23,Alpena,25-34,Male,Black,-83.59646884390307,45.06989343525314
1984-07-23,Calhoun,55+,Female,White,-85.0147947572593,42.276146062073565
1984-07-23,St Clair,45-54,Female,Black,-82.68650865637392,42.91457608071881
1984-07-23,Luce,55+,Female,Black,-85.56365700250619,46.43928277091326
1984-07-24,Alpena,25-34,Male,Black,-83.58368506842635,45.082728322721614
1984-07-24,Marquette,25-34,Male,White,-87.67917826878683,46.44893942976832
1984-07-25,Alger,25-34,Male,White,-86.58428697120195,46.410455331787055
1984-07-26,Charlevoix,35-44,Male,Black,-85.08308561195054,45.28944398930942
1984-07-26,Wexford,0-25,Female,White,-85.62527392790693,44.30575882366276
1984-07-27,Alger,25-34,Male,White,-86.57999358668822,46.364610032772966
1984-07-27,Saginaw,35-44,Male,White,-84.08811950783355,43.31047431191767
1984-07-27,Mackinac,35-44,Female,White,-85.05999769901885,46.06221895531746
1984-07-27,Chippewa,35-44,Male,Black,-84.55042922785499,46.31345972934048
1984-07-27,Chippewa,25-34,Male,Black,-84.55298939349525,46.29219107148625
1984-07-28,Alger,35-44,Female,White,-86.64929238280862,46.363319693294606
1984-07-29,Schoolcraft,45-54,Male,White,-86.23079067121094,46.20400197776794
1984-07-29,Mason,35-44,Female,White,-86.2011409325936,44.022691283564086
1984-07-29,Cheboygan,35-44,Female,White,-84.53176612269004,45.46728430832468
1984-07-30,Midland,45-54,Male,White,-84.375673401024,43.60715748475275
1984-07-30,Saginaw,0-25,Female,White,-84.07545388201247,43.3353200407196
1984-07-31,Gladwin,45-54,Male,Hispanic or Latino,-84.35104557887577,44.01235769202411
1984-07-31,Arenac,25-34,Female,White,-83.90521306154382,44.09633113765934
1984-07-31,Ionia,35-44,Male,Black,-85.1097310275287,42.96484103449247
1984-07-31,Ionia,25-34,Male,White,-85.02616986688314,42.894909450322366
1984-08-01,Dickinson,25-34,Female,Black,-87.84242466952627,46.03035343258362
1984-08-02,Jackson,25-34,Female,Asian,-84.4012369490936,42.267811222401704
1984-08-03,Shiawassee,45-54,Female,American Indian or Alask Native,-84.11098598017077,42.96635313263396
1984-08-03,Lenawee,25-34,Male,American Indian or Alask Native,-84.0643009213271,41.90407311273425
1984-08-03,Mecosta,25-34,Male,White,-85.30042351316443,43.68733312949679
1984-08-04,Kalkaska,25-34,Female,White,-85.1205134026126,44.64884983294657
1984-08-04,Crawford,25-34,Male,Black,-84.65084629252846,44.64459103987456
1984-08-04,Grand Traverse,45-54,Female,Black,-85.56285819545526,44.64062773720592
1984-08-04,Otsego,25-34,Male,White,-84.61918727534669,44.994753970224934
1984-08-05,Lake,55+,Female,White,-85.82762978171108,43.99666473095361
1984-08-05,Calhoun,35-44,Female,American Indian or Alask Native,-84.96559451986072,42.291164786782275
1984-08-07,Emmet,25-34,Unknown,Hispanic or Latino,-84.8476082750535,45.47821679200971
1984-08-08,Ontonagon,45-54,Male,Black,-89.33312497262052,46.679005818135714
1984-08-08,Gratiot,45-54,Female,Black,-84.55838427279521,43.25821832200093
1984-08-09,Baraga,25-34,Male,Black,-88.35451375475616,46.64490068598834
1984-08-09,Antrim,25-34,Male,Black,-85.14913963946542,44.958798705405435
1984-08-09,Gratiot,45-54,Female,White,-84.58989072879034,43.290095756935074
1984-08-10,Tuscola,25-34,Male,Native Hawaiian or Other Pacific Islander,-83.45165441686378,43.419022997687186
1984-08-10,Ogemaw,55+,Male,Asian,-84.1037061652705,44.35098684411322
1984-08-10,Montmorency,25-34,Male,Native Hawaiian or Other Pacific Islander,-84.09199982261808,45.04520085692948
1984-08-11,Crawford,0-25,Male,White,-84.61258848781216,44.679894755870485
1984-08-11,Cheboygan,35-44,Male,White,-84.46822952829963,45.40848710150583
1984-08-12,Clare,25-34,Male,Black,-84.88540750885359,43.96024640633498
1984-08-13,Alpena,25-34,Female,Black,-83.5794690099766,45.01543953879377
1984-08-13,Emmet,0-25,Male,Black,-84.88360763102726,45.5652891238074
1984-08-13,Ionia,35-44,Male,American Indian or Alask Native,-85.05157171929612,42.978874290449006
1984-08-13,Jackson,35-44,Female,Asian,-84.38016038945645,42.22582192458435
1984-08-14,Antrim,0-25,Female,Black,-85.12271331783954,44.96949027344141
1984-08-14,Mecosta,25-34,Male,White,-85.33280492850311,43.682376184784495
1984-08-14,Barry,25-34,Male,White,-85.35710043071363,42.62319050410424
1984-08-15,Clinton,45-54,Male,Black,-84.63275689904201,42.9155438516188
1984-08-15,Calhoun,45-54,Female,Black,-85.0269826032651,42.25015458433929
1984-08-15,Ontonagon,45-54,Male,Black,-89.2872816789631,46.6221168770062
1984-08-16,Clinton,35-44,Male,Asian,-84.60527192051374,42.959015649882375
1984-08-16,Roscommon,55+,Female,Hispanic or Latino,-84.61932807330444,44.35150186418678
1984-08-16,Luce,25-34,Male,Black,-85.56187650108075,46.51684472889492
1984-08-16,Charlevoix,25-34,Male,White,-85.09248585804508,45.27455108822594
1984-08-16,Montcalm,35-44,Female,White,-85.1475944439141,43.34722540853653
1984-08-16,Ottawa,45-54,Male,American Indian or Alask Native,-86.03838776264725,42.95468206736032
1984-08-17,Eaton,25-34,Male,White,-84.83966895083249,42.55600285102214
1984-08-17,Bay,45-54,Male,White,-84.0329256821407,43.664414711019916
1984-08-17,Newaygo,25-34,Male,Black,-85.79090980343958,43.51026082380562
1984-08-17,St Clair,35-44,Female,Black,-82.72188708923754,42.96459961820499
1984-08-18,Ontonagon,25-34,Male,White,-89.35306250350268,46.69634764762859
1984-08-19,Van Buren,35-44,Male,American Indian or Alask Native,-86.05536848302815,42.240639033357766
1984-08-19,Chippewa,45-54,Female,Black,-84.55341367625715,46.32617262370272
1984-08-19,Mecosta,45-54,Male,White,-85.36709742871263,43.68348040084997
1984-08-20,Wayne,35-44,Female,Native Hawaiian or Other Pacific Islander,-83.28193559518238,42.23888858592584
1984-08-20,Mackinac,0-25,Male,Black,-85.0354407365091,46.09078691832232
1984-08-20,Kalamazoo,45-54,Male,Black,-85.56398588024065,42.20558410023124
1984-08-20,Tuscola,25-34,Female,Black,-83.39567780935378,43.46857102949789
1984-08-20,Missaukee,0-25,Male,White,-85.06634895461885,44.31015701688921
1984-08-21,Oakland,25-34,Male,White,-83.33723152938953,42.6292679045251
1984-08-21,Tuscola,25-34,Female,Hispanic or Latino,-83.44289562493542,43.49094176410387
1984-08-22,Livingston,25-34,Male,White,-83.87972848339724,42.59537970274328
1984-08-22,Barry,0-25,Female,American Indian or Alask Native,-85.28436134339903,42.58455278308735
1984-08-22,Oakland,25-34,Female,Black,-83.33922902163363,42.6320419388007
1984-08-23,Delta,45-54,Male,Black,-86.89252781168105,45.961097893879895
1984-08-23,Clinton,45-54,Male,White,-84.58490871131079,42.91883778066302
1984-08-23,Genesee,25-34,Female,Black,-83.71108845684142,43.02621608511474
1984-08-24,Marquette,35-44,Male,Hispanic or Latino,-87.65752682658976,46.450928271519636
1984-08-24,Hillsdale,35-44,Female,White,-84.63513604400953,41.837766600165196
1984-08-24,Genesee,55+,Male,Black,-83.72631350904805,42.98647363636873
1984-08-24,Cheboygan,45-54,Male,White,-84.52266025204032,45.496983635809485
1984-08-25,Branch,25-34,Male,Black,-85.09544161144254,41.90501035925407
1984-08-25,Crawford,55+,Female,Asian,-84.65915966486193,44.72443782837957
1984-08-25,Iosco,55+,Female,Native Hawaiian or Other Pacific Islander,-83.59147367710219,44.351338081283224
1984-08-26,Clare,25-34,Female,White,-84.84980247337707,44.030692720135214
1984-08-26,Ionia,45-54,Male,White,-85.06706760644755,42.954577757323435
1984-08-27,Kent,55+,Female,Asian,-85.5981629883216,42.99773013891708
1984-08-27,Gladwin,0-25,Female,White,-84.41239351155272,43.984191438772875
1984-08-27,Oceana,55+,Male,Black,-86.24081456891025,43.62139913095865
1984-08-27,Baraga,55+,Female,White,-88.38952489575122,46.63127455019892
1984-08-28,Midland,45-54,Male,White,-84.36888834005636,43.59905193658045
1984-08-28,Alpena,25-34,Female,White,-83.65000423565834,45.07143663454248
1984-08-28,Oscoda,45-54,Male,White,-84.1111238180615,44.68722583734636
1984-08-28,Mecosta,35-44,Female,Black,-85.327455907273,43.64938537491987
1984-08-28,Saginaw,35-44,Female,Native Hawaiian or Other Pacific Islander,-84.0518188712351,43.33175762323894
1984-08-29,Schoolcraft,35-44,Female,Hispanic or Latino,-86.23180521412515,46.234841284198495
1984-08-29,Midland,35-44,Female,White,-84.3595448893442,43.67894543223499
1984-08-30,Oscoda,35-44,Female,Black,-84.13010972241953,44.69608941942703
1984-08-30,Cass,25-34,Male,Black,-86.02124808562112,41.87232999663199
1984-08-30,Newaygo,35-44,Unknown,Black,-85.78096940191674,43.52370239971154
1984-08-31,Shiawassee,25-34,Female,Black,-84.13684828064814,42.97049898800699
1984-08-31,Chippewa,55+,Female,White,-84.54782533119567,46.3017829299977
1984-08-31,Alpena,45-54,Female,Asian,-83.65869313815746,45.05267122885586
1984-09-01,Huron,45-54,Female,Black,-83.06439778516317,43.79546071852796
1984-09-02,Gogebic,0-25,Female,Black,-89.7075938306076,46.418488602580354
1984-09-02,Hillsdale,25-34,Male,Native Hawaiian or Other Pacific Islander,-84.6305645534569,41.84954891678172
1984-09-02,Shiawassee,0-25,Male,Black,-84.11006205303224,42.946346377193905
1984-09-02,Isabella,25-34,Female,White,-84.82865356038495,43.6712112893387
1984-09-02,Jackson,25-34,Female,White,-84.4363709842029,42.20802261544873
1984-09-03,Grand Traverse,25-34,Female,White,-85.54391931059897,44.68603073652318
1984-09-03,Ontonagon,0-25,Female,Black,-89.31991489837499,46.6558298583261
1984-09-04,Dickinson,25-34,Male,White,-87.83847630371311,46.03629089923331
1984-09-04,Alger,0-25,Male,Black,-86.57091695593341,46.37269064040016
1984-09-04,Menominee,55+,Female,White,-87.52514570946998,45.54759911711772
1984-09-05,Washtenaw,25-34,Male,White,-83.82597595960141,42.28440021819818
1984-09-05,Ontonagon,35-44,Female,Native Hawaiian or Other Pacific Islander,-89.30177597893173,46.700719742771675
1984-09-05,Antrim,35-44,Male,Black,-85.10878309215065,44.95909621127065
1984-09-06,Alger,25-34,Male,Asian,-86.59095318929648,46.43551651407753
1984-09-07,Huron,25-34,Male,White,-83.06669091710636,43.84975805458409
1984-09-07,Lapeer,0-25,Male,Native Hawaiian or Other Pacific Islander,-83.25955256796523,43.05192672222548
1984-09-07,Crawford,55+,Male,White,-84.61653571719279,44.63405142815215
1984-09-07,Alcona,45-54,Male,White,-83.6192574522877,44.67482979648424
1984-09-08,Osceola,25-34,Female,Black,-85.34915288077401,43.95287087554041
1984-09-08,Calhoun,25-34,Male,White,-84.99770433191746,42.218032828420675
1984-09-08,Oakland,55+,Male,Asian,-83.37485118973825,42.679050301862624
1984-09-08,Delta,0-25,Female,White,-86.88952288415558,45.93449116583557
1984-09-08,Delta,35-44,Female,White,-86.97143303975223,45.920384816403775
1984-09-08,Benzie,25-34,Male,White,-86.05032933998794,44.646937218385574
1984-09-09,Lake,55+,Female,Black,-85.77737448773608,44.00001180848253
1984-09-09,Calhoun,25-34,Female,White,-84.97049760152754,42.21751398013575
1984-09-10,Sanilac,35-44,Male,White,-82.81361495244391,43.40434228657697
1984-09-10,Oceana,35-44,Female,Black,-86.21870564343482,43.61757651140725
1984-09-11,Hillsdale,25-34,Male,Asian,-84.59570306658932,41.85240040508517
1984-09-11,St Joseph,25-34,Female,Hispanic or Latino,-85.52797129346833,41.864648983176224
1984-09-11,Manistee,25-34,Male,White,-86.05471530097867,44.32284617647347
1984-09-12,Schoolcraft,0-25,Male,White,-86.17189721395285,46.173975607528526
1984-09-13,Eaton,25-34,Female,Black,-84.82332974163357,42.55822323541732
1984-09-14,Lenawee,35-44,Female,White,-84.02131987501424,41.92502076209368
1984-09-14,Jackson,45-54,Male,Black,-84.4400125909492,42.28332759146825
1984-09-14,Roscommon,55+,Male,Black,-84.56841224443072,44.320602508788106
1984-09-14,Livingston,25-34,Male,Black,-83.9519697727603,42.58736336473962
1984-09-15,Benzie,45-54,Male,Black,-86.03292255227794,44.60108736718945
1984-09-15,Leelanau,25-34,Male,Black,-85.81126365342546,44.93235122116057
1984-09-15,Antrim,45-54,Male,White,-85.10703699755744,44.97196924273134
1984-09-16,Lapeer,45-54,Female,Black,-83.22869073531588,43.079848082206794
1984-09-16,Iosco,45-54,Male,Black,-83.60486083497305,44.39945559840697
1984-09-16,Sanilac,25-34,Male,White,-82.84636223012528,43.4102046499063
1984-09-16,Shiawassee,25-34,Female,Black,-84.18115932138078,42.95011469385145
1984-09-16,Montcalm,55+,Male,White,-85.1770205044783,43.28799968526034
1984-09-16,Montmorency,25-34,Male,White,-84.13956942008728,45.05433217430915
1984-09-17,Schoolcraft,25-34,Male,Black,-86.18008584776318,46.23368719819774
1984-09-17,Kent,45-54,Male,Black,-85.55407389672837,43.06960784310797
1984-09-18,Alger,35-44,Male,American Indian or Alask Native,-86.58737472542327,46.369487029044585
1984-09-19,Antrim,35-44,Male,Asian,-85.10625717606767,44.95663146949981
1984-09-19,Mason,45-54,Male,White,-86.27337010174274,44.00225751575232
1984-09-19,Manistee,25-34,Female,White,-86.0898341888097,44.314607380351234
1984-09-20,Berrien,45-54,Male,Native Hawaiian or Other Pacific Islander,-86.42620712683993,41.98284285534967
1984-09-20,Allegan,25-34,Female,Black,-85.91204314027435,42.56510056396499
1984-09-20,Delta,25-34,Female,Asian,-86.95806254786677,45.92820639327768
1984-09-21,Gladwin,55+,Male,White,-84.43572578056974,43.96899498213999
1984-09-21,Saginaw,35-44,Male,Black,-84.02685758065158,43.3109886710794
1984-09-22,Manistee,45-54,Male,Black,-86.08211289999181,44.35073784363939
1984-09-23,Osceola,25-34,Male,White,-85.28897897913974,43.941004805762574
1984-09-23,Manistee,0-25,Male,White,-86.0604309758552,44.36608522663139
1984-09-24,Oceana,25-34,Female,American Indian or Alask Native,-86.22192830229572,43.637984827606154
1984-09-24,Huron,45-54,Male,White,-83.01324904487794,43.87249597351371
1984-09-25,Ottawa,55+,Female,White,-85.97255840903118,43.00178980161679
1984-09-25,Berrien,25-34,Male,American Indian or Alask Native,-86.37604549744604,41.92454516569893
1984-09-25,Alcona,0-25,Unknown,White,-83.60401494064615,44.73437763182786
1984-09-25,Roscommon,35-44,Male,Black,-84.6439815679273,44.318312551224636
1984-09-26,Gladwin,35-44,Male,Black,-84.3767179740521,43.96339410465921
1984-09-26,Allegan,25-34,Male,White,-85.89363646179918,42.54172057391164
1984-09-26,Gogebic,55+,Male,Black,-89.719700272288,46.42140552455379
1984-09-27,Gogebic,0-25,Female,Black,-89.67264205406133,46.41256173791332
1984-09-27,Branch,35-44,Male,White,-85.10270699287669,41.90293713668799
1984-09-27,Genesee,55+,Male,Black,-83.7439139642705,43.00068516756832
1984-09-28,Emmet,35-44,Male,Black,-84.88818380828474,45.484303093324556
1984-09-28,Gladwin,25-34,Female,White,-84.39259307974795,43.94883749057342
1984-09-28,Missaukee,45-54,Female,White,-85.08526466200396,44.37065177834851
1984-09-29,Bay,55+,Female,Asian,-83.95773377831749,43.73512605091052
1984-09-29,Barry,25-34,Male,American Indian or Alask Native,-85.30045791409569,42.5913742450222
1984-09-29,Hillsdale,45-54,Male,Native Hawaiian or Other Pacific Islander,-84.58613230675694,41.882980309759624
1984-09-29,Tuscola,35-44,Female,Other,-83.45505721015812,43.431082749503915
1984-09-29,Antrim,45-54,Female,White,-85.17115167503006,44.96493935629168
1984-09-29,Newaygo,25-34,Male,White,-85.7953106237002,43.52249841567906
1984-09-30,Ontonagon,25-34,Male,Asian,-89.3091148301741,46.69922174862759
1984-10-01,Lenawee,35-44,Male,White,-84.06060592637097,41.84668977468403
1984-10-01,Grand Traverse,25-34,Male,White,-85.51799507623903,44.659864781311775
1984-10-02,Cass,35-44,Male,White,-86.00033853203448,41.90237312759406
1984-10-02,Midland,35-44,Male,Black,-84.36471410714863,43.62796050130267
1984-10-02,Marquette,55+,Male,Black,-87.66316021897552,46.400327810557684
1984-10-03,Cass,55+,Female,Black,-85.99661470449713,41.88514976927042
1984-10-03,Calhoun,35-44,Female,White,-85.01124655103865,42.263347424121335
1984-10-03,Branch,35-44,Male,White,-85.0516330081518,41.92826875345639
1984-10-05,Missaukee,25-34,Female,White,-85.11938134121536,44.326134924516424
1984-10-05,Huron,0-25,Male,Other,-83.03421230317079,43.856904930777745
1984-10-05,Wexford,35-44,Female,White,-85.56792427728548,44.29790401014287
1984-10-05,Clinton,35-44,Male,White,-84.60276226976387,42.93054211617568
1984-10-06,Shiawassee,25-34,Female,White,-84.16392101670768,42.980898770858026
1984-10-06,Ingham,0-25,Female,Native Hawaiian or Other Pacific Islander,-84.36852865407819,42.60857496755669
1984-10-07,Mackinac,55+,Male,Asian,-85.06573553540368,46.11920363458157
1984-10-07,Clare,25-34,Male,Black,-84.84777257937516,44.03502548754033
1984-10-07,Alger,25-34,Male,Asian,-86.62797789135585,46.42543833419386
1984-10-07,Barry,25-34,Female,White,-85.29738312171018,42.61220088655779
1984-10-07,Luce,0-25,Male,White,-85.5559154662178,46.48471780211465
1984-10-08,Leelanau,25-34,Male,Black,-85.83626178581783,44.92634198877762
1984-10-08,Ionia,25-34,Female,White,-85.1060151741666,42.95382604464676
1984-10-09,Gladwin,45-54,Male,White,-84.35580164009704,43.97965071901957
1984-10-09,Branch,55+,Male,White,-85.0822493725813,41.93032545535955
1984-10-09,Lake,55+,Female,White,-85.8349300710299,43.97619736705234
1984-10-09,Kalkaska,35-44,Female,Black,-85.05792372014987,44.70843712395505
1984-10-09,Kent,25-34,Female,White,-85.55367347676265,43.02271194661414
1984-10-09,Grand Traverse,35-44,Male,American Indian or Alask Native,-85.58579268217864,44.64152828968135
1984-10-09,Ontonagon,0-25,Male,White,-89.31133208330245,46.68007473568644
1984-10-11,Cheboygan,35-44,Male,Black,-84.47701909813324,45.481253633126315
1984-10-12,Chippewa,25-34,Female,White,-84.53339718376225,46.27053474117733
1984-10-12,Alcona,55+,Unknown,Black,-83.55390871407242,44.70190403931659
1984-10-13,Newaygo,45-54,Female,Asian,-85.77708996973554,43.51822775226877
1984-10-13,Alcona,55+,Female,American Indian or Alask Native,-83.62934548968778,44.734413827079734
1984-10-13,Iron,45-54,Female,White,-88.52392658980423,46.17924507989504
1984-10-13,Ontonagon,35-44,Male,Native Hawaiian or Other Pacific Islander,-89.28494708611099,46.709784897238535
1984-10-13,Huron,55+,Male,White,-83.0401506790463,43.83089738378473
1984-10-13,Alpena,0-25,Male,White,-83.63195541826646,45.04174274436935
1984-10-14,Macomb,25-34,Female,White,-82.91523995085483,42.65684877158512
1984-10-14,Clinton,0-25,Male,Asian,-84.61124545704949,42.94640497815571
1984-10-15,Kalkaska,35-44,Female,Asian,-85.13262187099612,44.64036081054251
1984-10-15,Eaton,25-34,Male,Asian,-84.81247029427436,42.55680032936827
1984-10-16,Osceola,55+,Female,Hispanic or Latino,-85.30976918947644,43.96050858262843
1984-10-16,Ottawa,0-25,Male,White,-86.02365064743552,42.99969428878242
1984-10-17,Cheboygan,35-44,Female,White,-84.51365346420967,45.494394300814335
1984-10-17,Alcona,45-54,Female,White,-83.61282858076416,44.68984857683844
1984-10-17,Branch,35-44,Female,Black,-85.04148851136053,41.86945841358118
1984-10-18,St Clair,35-44,Female,White,-82.72246530967405,42.90127601421741
1984-10-18,Delta,35-44,Male,White,-86.90833227224992,45.89800945787666
1984-10-18,Eaton,35-44,Female,Black,-84.83750528481174,42.54826914254092
1984-10-18,Lenawee,0-25,Male,White,-84.05507037518501,41.893981694021434
1984-10-18,Wayne,0-25,Female,White,-83.26107657886017,42.254447158170976
1984-10-18,Delta,25-34,Male,Other,-86.95868362149098,45.900787002115294
1984-10-19,Iron,0-25,Female,Black,-88.57077157756844,46.21683384368707
1984-10-19,Newaygo,55+,Male,White,-85.79596661094901,43.5091935580038
1984-10-20,Baraga,35-44,Female,Black,-88.3483281359557,46.701547322380186
1984-10-20,Kent,25-34,Female,Black,-85.50884941855495,43.060495810624744
1984-10-20,Emmet,35-44,Male,White,-84.86816954327972,45.50876914605803
1984-10-21,Missaukee,25-34,Male,Black,-85.10042659106917,44.30596688905057
1984-10-21,Kalamazoo,25-34,Male,Black,-85.4882475272966,42.235462126650965
1984-10-21,Osceola,25-34,Female,American Indian or Alask Native,-85.2996432987002,44.02934262450252
1984-10-22,Gladwin,25-34,Male,Black,-84.35954197424734,44.03571750716753
1984-10-22,Kalamazoo,0-25,Female,Black,-85.48062523307344,42.2132143447658
1984-10-22,St Joseph,0-25,Female,Asian,-85.57689163368099,41.96227063427945
1984-10-22,Luce,0-25,Male,Black,-85.5271444212795,46.463400258315005
1984-10-22,Grand Traverse,45-54,Male,Native Hawaiian or Other Pacific Islander,-85.55913287401977,44.70956228343556
1984-10-23,Macomb,25-34,Male,Black,-82.88956183847792,42.72074622291386
1984-10-24,Ogemaw,25-34,Female,Black,-84.15710275257311,44.32142104723276
1984-10-25,Mason,25-34,Female,Black,-86.29840034187468,44.02151609112512
1984-10-25,Oakland,25-34,Male,White,-83.42030011822517,42.669907402889976
1984-10-26,Alcona,25-34,Male,Black,-83.59408189102524,44.716946928428044
1984-10-26,Crawford,25-34,Male,White,-84.63171462161016,44.64252300031746
1984-10-26,Gogebic,25-34,Male,Black,-89.70136277725648,46.44120057303877
1984-10-26,Barry,35-44,Male,Black,-85.3446875035515,42.580555533537435
1984-10-26,Ogemaw,45-54,Female,Black,-84.17510181917076,44.304856840339916
1984-10-27,Jackson,35-44,Male,Black,-84.42385371193475,42.23339822504623
1984-10-27,Oscoda,0-25,Male,American Indian or Alask Native,-84.16605829027488,44.68136763865326
1984-10-27,Baraga,25-34,Male,Black,-88.35268584320116,46.69629553049022
1984-10-28,Oakland,55+,Female,White,-83.34557346691192,42.62671543657637
1984-10-28,Shiawassee,35-44,Female,White,-84.10928922823311,42.96289036705528
1984-10-28,Eaton,45-54,Male,Black,-84.83184433961007,42.613347302257864
1984-10-28,Huron,0-25,Male,White,-83.01668834898139,43.79335246366338
1984-10-29,Hillsdale,45-54,Female,Black,-84.61267246609889,41.83900384440965
1984-10-29,Cass,25-34,Female,American Indian or Alask Native,-85.99121458091957,41.92114685352093
1984-10-30,Arenac,25-34,Male,White,-83.87279381481302,44.06812882981404
1984-10-30,Ontonagon,25-34,Female,Black,-89.31426320051014,46.63524030304569
1984-10-30,Kalamazoo,45-54,Male,White,-85.5569708784858,42.20103597372035
1984-10-30,Missaukee,55+,Female,White,-85.10597073238362,44.35789613766941
1984-10-31,Roscommon,25-34,Male,Hispanic or Latino,-84.63623661866268,44.34391300139016
1984-10-31,Baraga,0-25,Male,Hispanic or Latino,-88.38647377822066,46.65104971851289
1984-11-02,Van Buren,0-25,Female,White,-86.02459627439504,42.28485038315335
1984-11-02,Allegan,35-44,Male,White,-85.9142605798607,42.57358212326416
1984-11-02,Allegan,35-44,Male,Black,-85.86088551160806,42.63511564428699
1984-11-02,Saginaw,25-34,Male,American Indian or Alask Native,-84.0377143001597,43.307652832376114
1984-11-02,Antrim,25-34,Male,Black,-85.1888980675827,44.996677003717295
1984-11-02,Cass,35-44,Male,Native Hawaiian or Other Pacific Islander,-85.96152230140132,41.8781404095546
1984-11-02,Dickinson,25-34,Female,White,-87.83334221574896,46.05559259723498
1984-11-03,Mason,55+,Female,White,-86.22295826737555,44.02390680377831
1984-11-03,Jackson,55+,Male,Black,-84.42745419412853,42.20060916573611
1984-11-04,Oscoda,45-54,Female,Black,-84.12162613617006,44.69164253420041
1984-11-04,Clare,55+,Male,White,-84.87890087401391,43.989403574673034
1984-11-04,Luce,35-44,Female,Unknown,-85.54985518286819,46.475332909747124
1984-11-04,Gratiot,35-44,Male,Black,-84.59084282669326,43.30530885529337
1984-11-05,Saginaw,35-44,Male,White,-84.03791564256234,43.372564117901796
1984-11-05,Alpena,0-25,Male,Asian,-83.63497193169094,45.047854312976355
1984-11-05,Delta,0-25,Female,White,-86.87597652898236,45.90968833593095
1984-11-05,Luce,35-44,Male,White,-85.52438811022782,46.51963077537582
1984-11-05,Baraga,55+,Male,White,-88.4097577959962,46.64250608658157
1984-11-06,Tuscola,55+,Male,Black,-83.45727822383743,43.51392184780868
1984-11-06,Emmet,45-54,Male,Hispanic or Latino,-84.8918978485067,45.53373598102234
1984-11-06,Manistee,25-34,Female,Native Hawaiian or Other Pacific Islander,-86.05261806730594,44.31503852293232
1984-11-07,Wayne,25-34,Male,Asian,-83.25077512383228,42.31406198493829
1984-11-07,Genesee,25-34,Male,Black,-83.70458447629882,43.06479909656768
1984-11-07,Wexford,25-34,Female,White,-85.56617752366606,44.2886433538693
1984-11-08,Missaukee,35-44,Male,White,-85.1002177551475,44.29431101616312
1984-11-08,Schoolcraft,35-44,Male,Native Hawaiian or Other Pacific Islander,-86.18602641463096,46.18221557336977
1984-11-08,Schoolcraft,25-34,Male,Black,-86.18509364924903,46.16617858060163
1984-11-09,Wayne,45-54,Female,Native Hawaiian or Other Pacific Islander,-83.30683268198716,42.26601119049252
1984-11-09,Monroe,55+,Male,White,-83.50679395950378,41.93456864054368
1984-11-09,Jackson,0-25,Male,American Indian or Alask Native,-84.44817401935498,42.21194082475068
1984-11-09,Ottawa,35-44,Female,Black,-85.96993238605876,43.0040221310976
1984-11-10,Mackinac,25-34,Female,Black,-85.10100527989907,46.10877387807002
1984-11-11,Ogemaw,0-25,Male,Black,-84.08518545942752,44.364461874426986
1984-11-11,Midland,35-44,Female,White,-84.42117329415402,43.68300547305324
1984-11-11,Marquette,25-34,Male,Other,-87.6205304526728,46.4785645671647
1984-11-12,Van Buren,35-44,Female,White,-86.0504009430606,42.24804928116086
1984-11-12,Clinton,55+,Female,White,-84.63034100466044,42.91950749287305
1984-11-12,Grand Traverse,25-34,Male,Black,-85.55236224277525,44.706692406830626
1984-11-13,Chippewa,0-25,Female,Black,-84.5780437269609,46.34282487754081
1984-11-14,Alcona,25-34,Male,Black,-83.64233380396264,44.63510579174825
1984-11-14,Barry,25-34,Female,White,-85.35144651528056,42.639074425588134
1984-11-14,Jackson,25-34,Female,Black,-84.4326134823686,42.209654139015484
1984-11-14,St Joseph,35-44,Male,White,-85.57544072850109,41.93774575935873
1984-11-14,Monroe,25-34,Female,White,-83.50042587884141,41.97493349767122
1984-11-14,Saginaw,35-44,Male,White,-84.05425271691954,43.33897351124489
1984-11-15,Iosco,25-34,Male,Black,-83.662386350387,44.370064661464454
1984-11-15,Lake,35-44,Female,Black,-85.75682226806728,44.01536542773366
1984-11-16,Macomb,35-44,Female,White,-82.88490256967003,42.67760641221121
1984-11-16,Mason,25-34,Male,White,-86.26950189478723,43.95557390453248
1984-11-17,Oakland,55+,Male,White,-83.38546601264937,42.66992523243253
1984-11-18,Clare,25-34,Female,Unknown,-84.84734422653867,44.00108074746224
1984-11-18,Mecosta,25-34,Male,Black,-85.31108857087719,43.66710887763975
1984-11-20,Jackson,55+,Female,Hispanic or Latino,-84.42055448455108,42.21112073256414
1984-11-20,Luce,25-34,Male,Asian,-85.59094608318712,46.42243958225901
1984-11-20,Calhoun,25-34,Female,White,-85.05412416794678,42.1975963567563
1984-11-20,Midland,55+,Male,Black,-84.39457097442622,43.61255253192154
1984-11-21,Iron,35-44,Female,Black,-88.56322249543152,46.17027992932263
1984-11-22,Mecosta,55+,Female,Black,-85.30542366791961,43.66560403104526
1984-11-22,Bay,35-44,Female,Black,-84.00615772071365,43.7527229905338
1984-11-23,Monroe,25-34,Female,White,-83.51823415853146,41.927380792152675
1984-11-23,Leelanau,35-44,Male,White,-85.79703233737435,44.94286589490233
1984-11-24,Montcalm,45-54,Male,White,-85.10622767081088,43.347929204886604
1984-11-24,Lake,25-34,Male,White,-85.80218409473387,44.01272205213583
1984-11-25,Houghton,35-44,Male,White,-88.69304711874575,46.905032816788854
1984-11-25,Cheboygan,25-34,Male,White,-84.45919097717038,45.429741119026644
1984-11-26,Calhoun,45-54,Female,Asian,-85.03553538100205,42.22319387109438
1984-11-26,Montcalm,35-44,Female,White,-85.15123179569538,43.35488423771287
1984-11-26,Cass,55+,Male,White,-86.03185657069935,41.94633404613896
1984-11-26,Barry,25-34,Female,American Indian or Alask Native,-85.34869738481693,42.54963633743322
1984-11-27,Montcalm,0-25,Male,White,-85.13821946381336,43.30484753474705
1984-11-27,Bay,55+,Male,Black,-83.98806778862917,43.68070443026297
1984-11-28,St Joseph,35-44,Female,White,-85.5650588168621,41.94988033824956
1984-11-28,Shiawassee,0-25,Female,American Indian or Alask Native,-84.16331546000126,42.9562248297583
1984-11-29,Livingston,25-34,Female,White,-83.93464035559592,42.59495079343454
1984-11-30,Mason,45-54,Female,Native Hawaiian or Other Pacific Islander,-86.29042933291387,44.02485542465605
1984-12-01,Allegan,25-34,Female,Black,-85.86968815995681,42.57117674414574
1984-12-01,Roscommon,45-54,Male,White,-84.59319892712062,44.34285478574164
1984-12-01,Ingham,55+,Female,Asian,-84.37038630738655,42.60271507530764
1984-12-02,Gogebic,35-44,Male,White,-89.65077572651413,46.3836507052783
1984-12-02,Kent,25-34,Female,Black,-85.51662596405114,43.06268586526002
1984-12-03,Isabella,45-54,Male,Native Hawaiian or Other Pacific Islander,-84.87511780939126,43.65505183757841
1984-12-03,Lenawee,45-54,Male,White,-84.10034093594454,41.846623360425774
1984-12-04,Ingham,45-54,Female,Black,-84.34825093551693,42.57810163400569
1984-12-04,Baraga,25-34,Male,White,-88.37329031706494,46.61918691672919
1984-12-04,Baraga,25-34,Male,White,-88.4009894732251,46.66193052795424
1984-12-04,Macomb,25-34,Female,White,-82.88327529636575,42.685583122589925
1984-12-06,Arenac,55+,Female,Black,-83.87176149698539,44.0710281432585
1984-12-06,Washtenaw,55+,Female,Black,-83.80977963675397,42.269911563942514
1984-12-06,Ottawa,35-44,Male,Black,-86.00905866718884,42.95266169235387
1984-12-07,Montmorency,45-54,Male,White,-84.16571264056277,45.020743950881474
1984-12-07,Gogebic,35-44,Female,White,-89.71045492677287,46.39573886284778
1984-12-08,Gratiot,0-25,Male,Black,-84.55911679058596,43.32554074473599
1984-12-08,Marquette,25-34,Male,White,-87.6908722645749,46.43996702880546
1984-12-08,Sanilac,25-34,Male,White,-82.83311335638831,43.43655693904224
1984-12-09,Ottawa,55+,Female,Black,-85.98837569996222,43.00640454331851
1984-12-09,Gladwin,25-34,Male,White,-84.43443876321867,43.98061895455174
1984-12-09,Osceola,25-34,Male,White,-85.37178322774449,44.00054701647566
1984-12-10,Ingham,55+,Male,Asian,-84.32742700675777,42.5737440126589
1984-12-10,Oakland,25-34,Female,White,-83.3809243590404,42.63644401800336
1984-12-10,Wexford,25-34,Male,Asian,-85.58095597905698,44.296357696873606
1984-12-10,Otsego,35-44,Male,Black,-84.58894459523805,44.99707747344314
1984-12-10,Shiawassee,25-34,Female,White,-84.1487995890208,42.912977848156835
1984-12-11,Mackinac,55+,Female,Asian,-85.11736142774991,46.05709995342389
1984-12-12,Kalamazoo,35-44,Female,Black,-85.56583594235535,42.261146700307265
1984-12-12,Huron,25-34,Male,Black,-83.01357411629209,43.87845095660701
1984-12-13,Gogebic,35-44,Female,White,-89.71094457526787,46.40240721176103
1984-12-14,Van Buren,0-25,Female,White,-85.99722944771784,42.21315970892388
1984-12-14,Saginaw,0-25,Male,American Indian or Alask Native,-84.04189511248025,43.342600626286696
1984-12-15,Washtenaw,25-34,Female,Black,-83.86211560705873,42.25831498252623
1984-12-15,St Joseph,55+,Female,White,-85.51000440661154,41.880408661266685
1984-12-15,Hillsdale,45-54,Male,Black,-84.61475568714131,41.918270538213186
1984-12-15,Oceana,55+,Male,Black,-86.2244412315269,43.650411642660515
1984-12-15,Oakland,35-44,Female,Hispanic or Latino,-83.43512515181851,42.69936220641816
1984-12-16,Luce,25-34,Female,White,-85.57985552754721,46.47723717367498
1984-12-16,Iron,55+,Female,Black,-88.56606456828844,46.177570703322196
1984-12-16,Cheboygan,35-44,Male,Hispanic or Latino,-84.53940479689463,45.46086677144153
1984-12-16,Roscommon,45-54,Male,White,-84.59714013236797,44.316441520691164
1984-12-16,Iron,35-44,Female,Hispanic or Latino,-88.48938430775162,46.1898389468253
1984-12-17,St Joseph,0-25,Female,White,-85.50896944254094,41.864728961860735
1984-12-17,Marquette,25-34,Female,Native Hawaiian or Other Pacific Islander,-87.61275636369649,46.46468169992236
1984-12-17,Shiawassee,45-54,Male,Native Hawaiian or Other Pacific Islander,-84.12733243030625,42.96430775835542
1984-12-17,Ontonagon,25-34,Male,Black,-89.32682391658106,46.6440889676711
1984-12-18,Montcalm,55+,Male,White,-85.19012926669252,43.3224399255473
1984-12-18,Otsego,25-34,Male,Asian,-84.62259888154325,45.051146878878065
1984-12-19,Marquette,35-44,Male,Black,-87.63371028632002,46.46480652816134
1984-12-19,Calhoun,25-34,Male,White,-85.02947530799109,42.21532074576132
1984-12-19,Clinton,25-34,Male,White,-84.59663329290638,42.969043085798845
1984-12-20,Lenawee,35-44,Male,White,-84.04552962608989,41.854189920428
1984-12-20,Ingham,25-34,Female,White,-84.41518782073268,42.620774287869246
1984-12-20,Hillsdale,25-34,Female,White,-84.59961077344067,41.887689828562735
1984-12-20,Ontonagon,0-25,Female,White,-89.33366282757025,46.68965737554842
1984-12-21,Mackinac,45-54,Male,Asian,-85.02834121209209,46.11149851340509
1984-12-21,Gogebic,45-54,Male,White,-89.68299550495155,46.411018051517814
1984-12-21,Montcalm,55+,Male,White,-85.12594119894364,43.355082601001925
1984-12-21,Presque Isle,45-54,Female,White,-83.95713965666484,45.34381195342619
1984-12-21,Ingham,55+,Male,Black,-84.38020173347633,42.60198748249877
1984-12-22,Wayne,45-54,Female,Black,-83.26283448011927,42.2992674731329
1984-12-22,Alcona,45-54,Male,Black,-83.64167909117603,44.687804520746774
1984-12-22,Presque Isle,45-54,Female,White,-83.92528893609861,45.30356473822364
1984-12-22,Gogebic,25-34,Female,White,-89.71074338169217,46.40264185628846
1984-12-22,Luce,25-34,Male,Black,-85.56167439583135,46.44700202316708
1984-12-23,Kent,25-34,Male,American Indian or Alask Native,-85.54903594770522,42.98226197817984
1984-12-23,Roscommon,25-34,Male,White,-84.65937529922029,44.34412654520021
1984-12-24,Allegan,25-34,Male,White,-85.86667693168668,42.5451579622829
1984-12-24,Keweenaw,35-44,Male,Black,-88.4214777716809,47.60338331296759
1984-12-25,Grand Traverse,55+,Male,Black,-85.51172776149038,44.65408808347363
1984-12-25,Houghton,45-54,Female,American Indian or Alask Native,-88.72946810634289,46.85640060162684
1984-12-26,Montmorency,45-54,Male,White,-84.11299842268076,45.06876829403579
1984-12-27,Crawford,25-34,Female,American Indian or Alask Native,-84.60769335737788,44.651060048505514
1984-12-27,Roscommon,25-34,Female,Black,-84.62259459403205,44.35991503348437
1984-12-28,Mackinac,45-54,Male,Hispanic or Latino,-85.10566776887343,46.05738674045291
1984-12-28,Jackson,35-44,Male,White,-84.46518833474336,42.26737981740146
1984-12-28,Keweenaw,35-44,Male,Asian,-88.47879125330468,47.64440423192484
1984-12-29,Emmet,35-44,Female,Black,-84.91104027541573,45.492414120733194
1984-12-29,Roscommon,25-34,Male,White,-84.62009271713613,44.347425633076746
1984-12-29,Lapeer,35-44,Female,Black,-83.22942285941349,43.12841089503889
1984-12-30,Huron,45-54,Male,Black,-83.03743660614826,43.88256061492598
1984-12-30,Monroe,35-44,Male,White,-83.50120230628727,41.951330267092516
1984-12-30,Menominee,35-44,Female,Black,-87.5088756157398,45.61740398184015
1984-12-30,Saginaw,35-44,Female,White,-84.03347755999198,43.38442280117932
1984-12-30,Newaygo,0-25,Male,White,-85.81242879645458,43.555975966317305
1984-12-31,Macomb,35-44,Female,Hispanic or Latino,-82.91808951660934,42.649232070973824
1984-12-31,Van Buren,55+,Female,Black,-86.03852273011479,42.27425811691387
1984-12-31,Clare,45-54,Female,White,-84.83470704700164,44.03053158702303
